begin;

insert into public.skills (
  id,
  job_id,
  job_tier,
  name,
  icon_url,
  max_level,
  body_lv1,
  body_lvmax,
  cast_time_lv1,
  cast_time_lvmax,
  cooldown_lv1,
  cooldown_lvmax,
  sp_cost_lv1,
  sp_cost_lvmax,
  global_delay_lv1,
  global_delay_lvmax,
  sort_order
)
values
  (
    'catnip-meteor',
    'summoner',
    'basic',
    'キャットニップメテオ',
    '/images/skills/placeholder.svg',
    5,
    '頭上からキャットニップを落として、対象周辺の敵に120%の無属性魔法ダメージを与えます。',
    '頭上からキャットニップを落として、対象周辺の敵に280%の無属性魔法ダメージを与えます。',
    '1.0s',
    '1.0s',
    '1.5s',
    '1.5s',
    '8',
    '8',
    '0.5s',
    '0.5s',
    10
  ),
  (
    'shrimp-flip',
    'summoner',
    'first',
    'エビ三段跳び',
    '/images/skills/placeholder.svg',
    5,
    '勢いよく飛び込んで、対象に160%の無属性物理ダメージを与えます。',
    '勢いよく飛び込んで、対象に320%の無属性物理ダメージを与えます。',
    '無',
    '無',
    '4.0s',
    '4.0s',
    '10',
    '10',
    '0.8s',
    '0.8s',
    20
  ),
  (
    'picky-peck',
    'summoner',
    'second',
    'ピッキつつき',
    '/images/skills/placeholder.svg',
    10,
    '原因170%属性なし物理ダメージ、チキンは持続します。召喚時に周囲に与える秒数250属性以外の物理ダメージの割合',
    '原因350%属性なし物理ダメージ、チキンは持続します。召喚時に周囲に与える秒数520属性以外の物理ダメージの割合',
    '無',
    '無',
    '7.0s',
    '7.0s',
    '12',
    '12',
    '1.0s',
    '1.0s',
    30
  ),
  (
    'tarou-damage',
    'summoner',
    'second',
    'タロウのダメージ',
    '/images/skills/placeholder.svg',
    10,
    '原因220%属性なし物理ダメージ、はい10ターゲットに適用される確率の割合[出血]、モルモットがいる召喚時に周囲に与える秒数180属性以外の物理ダメージの割合',
    '原因400%属性なし物理ダメージ、はい10ターゲットに適用される確率の割合[出血]、モルモットがいる召喚時に周囲に与える秒数450属性以外の物理ダメージの割合',
    '無',
    '無',
    '7.0s',
    '7.0s',
    '14',
    '14',
    '1.0s',
    '1.0s',
    40
  ),
  (
    'wild-boar-soul',
    'summoner',
    'advancedSecond',
    '野ブタの魂',
    '/images/skills/placeholder.svg',
    10,
    '目標に向かって全力疾走、イノシシがいる7目標まで数秒250召喚時に周囲に与えた強制的な非属性物理ダメージの割合660属性以外の物理ダメージの割合',
    '目標に向かって全力疾走、イノシシがいる7目標まで数秒700召喚時に周囲に与えた強制的な非属性物理ダメージの割合1300属性以外の物理ダメージの割合',
    '無',
    '無',
    '7.0s',
    '7.0s',
    '12',
    '12',
    '1.0s',
    '1.0s',
    50
  ),
  (
    'lunatic-carrot-strong-attack',
    'summoner',
    'advancedSecond',
    'ルナティックキャロット強攻撃',
    '/images/skills/placeholder.svg',
    10,
    '5メートル範囲内の敵に9回攻撃し、毎回270%の強制無属性物理ダメージを与え、30%の確率でミッション中の敵を[スタン]させ、召喚時に周囲に660%の無属性物理ダメージを与えます。',
    '5メートル範囲内の敵に9回攻撃し、毎回450%の強制無属性物理ダメージを与え、30%の確率でミッション中の敵を[スタン]させ、召喚時に周囲に1300%の無属性物理ダメージを与えます。',
    '無',
    '無',
    '7.0s',
    '7.0s',
    '14',
    '14',
    '1.0s',
    '1.0s',
    60
  )
on conflict (id) do update set
  job_id = excluded.job_id,
  job_tier = excluded.job_tier,
  name = excluded.name,
  icon_url = excluded.icon_url,
  max_level = excluded.max_level,
  body_lv1 = excluded.body_lv1,
  body_lvmax = excluded.body_lvmax,
  cast_time_lv1 = excluded.cast_time_lv1,
  cast_time_lvmax = excluded.cast_time_lvmax,
  cooldown_lv1 = excluded.cooldown_lv1,
  cooldown_lvmax = excluded.cooldown_lvmax,
  sp_cost_lv1 = excluded.sp_cost_lv1,
  sp_cost_lvmax = excluded.sp_cost_lvmax,
  global_delay_lv1 = excluded.global_delay_lv1,
  global_delay_lvmax = excluded.global_delay_lvmax,
  sort_order = excluded.sort_order,
  updated_at = now();

delete from public.skill_tags
where skill_id in (
  'catnip-meteor',
  'shrimp-flip',
  'picky-peck',
  'tarou-damage',
  'wild-boar-soul',
  'lunatic-carrot-strong-attack'
);

insert into public.skill_tags (skill_id, tag, sort_order)
values
  ('catnip-meteor', '魔法', 10),
  ('catnip-meteor', '無属性', 20),
  ('catnip-meteor', '範囲', 30),
  ('shrimp-flip', '物理', 10),
  ('shrimp-flip', '無属性', 20),
  ('shrimp-flip', '単体', 30),
  ('shrimp-flip', '移動', 40),
  ('picky-peck', '物理', 10),
  ('picky-peck', '無属性', 20),
  ('picky-peck', '単体', 30),
  ('picky-peck', '召喚', 40),
  ('tarou-damage', '物理', 10),
  ('tarou-damage', '無属性', 20),
  ('tarou-damage', '単体', 30),
  ('tarou-damage', '出血', 40),
  ('tarou-damage', '召喚', 50),
  ('wild-boar-soul', '物理', 10),
  ('wild-boar-soul', '無属性', 20),
  ('wild-boar-soul', '単体', 30),
  ('wild-boar-soul', '召喚', 40),
  ('lunatic-carrot-strong-attack', '物理', 10),
  ('lunatic-carrot-strong-attack', '無属性', 20),
  ('lunatic-carrot-strong-attack', '範囲', 30),
  ('lunatic-carrot-strong-attack', '多段', 40),
  ('lunatic-carrot-strong-attack', 'スタン', 50);

delete from public.skill_diff_stats
where skill_id in (
  'catnip-meteor',
  'shrimp-flip',
  'picky-peck',
  'tarou-damage',
  'wild-boar-soul',
  'lunatic-carrot-strong-attack'
);

insert into public.skill_diff_stats (skill_id, label, from_value, to_value, sort_order)
values
  ('catnip-meteor', '威力', '120%', '280%', 10),
  ('catnip-meteor', 'SP', '8', '8', 20),
  ('catnip-meteor', 'CT', '1.5s', '1.5s', 30),
  ('shrimp-flip', '威力', '160%', '320%', 10),
  ('shrimp-flip', 'SP', '10', '10', 20),
  ('shrimp-flip', 'CT', '4.0s', '4.0s', 30),
  ('picky-peck', '威力', '170%', '350%', 10),
  ('picky-peck', '召喚時効果', '250', '520', 20),
  ('picky-peck', 'SP', '12', '12', 30),
  ('picky-peck', 'CT', '7.0s', '7.0s', 40),
  ('tarou-damage', '威力', '220%', '400%', 10),
  ('tarou-damage', '召喚時効果', '180', '450', 20),
  ('tarou-damage', 'SP', '14', '14', 30),
  ('tarou-damage', 'CT', '7.0s', '7.0s', 40),
  ('wild-boar-soul', '突進ダメージ', '250', '700', 10),
  ('wild-boar-soul', '召喚時効果', '660', '1300', 20),
  ('wild-boar-soul', 'SP', '12', '12', 30),
  ('wild-boar-soul', 'CT', '7.0s', '7.0s', 40),
  ('lunatic-carrot-strong-attack', '多段威力', '270%', '450%', 10),
  ('lunatic-carrot-strong-attack', '召喚時効果', '660%', '1300%', 20),
  ('lunatic-carrot-strong-attack', 'SP', '14', '14', 30),
  ('lunatic-carrot-strong-attack', 'CT', '7.0s', '7.0s', 40);

commit;
